Top queries,Clicks,Impressions,CTR,Position
carrollton plumbing service,0,54,0%,65.2
carrollton plumbing,0,38,0%,54.13
local plumbers,0,37,0%,10.92
mansfield tx plumbing,0,33,0%,47
plumbers in lancaster texas,0,22,0%,68.14
plumbing repair,0,21,0%,16.05
plumbing repair near me,0,20,0%,15.95
plumber richardson texas,0,20,0%,51.75
plumber carrollton texas,0,20,0%,67.45
mansfield plumber service,0,18,0%,59.72
plumbers carrollton texas,0,17,0%,64.18
emergency plumber carrollton tx,0,17,0%,74
plumber mckinney,0,16,0%,77.12
plumber lancaster texas,0,15,0%,66.4
mckinney plumber,0,15,0%,72.2
need a plumber,0,14,0%,16.57
plumber,0,14,0%,16.57
plumber in denton,0,14,0%,41.79
plumbers in carrollton texas,0,14,0%,45.29
plumbing service mesquite,0,14,0%,58.14
plumbers in rockwall tx,0,14,0%,59.86
i need a plumber,0,13,0%,19.62
mansfield tx pluming,0,13,0%,48.38
plumber in richardson tx,0,13,0%,59.62
plumbing richardson,0,13,0%,64.38
plumbing mckinney tx,0,13,0%,64.46
mckinney plumbers,0,13,0%,77.85
kennedale plumbing service,0,12,0%,49.42
plumber in mckinney,0,12,0%,53.08
plumber richardson,0,12,0%,58.67
furnace repair farmers branch,0,12,0%,80.08
plumber mckinney texas,0,11,0%,43.64
plumber flower mound texas,0,11,0%,57.36
denton plumbers,0,11,0%,66
heating repair farmers branch,0,11,0%,69.09
plumber in flower mound tx,0,11,0%,71.09
plumber near me,0,10,0%,42.6
mansfield plumbing services,0,10,0%,51.4
flower mound plumbing service,0,10,0%,53.1
denton plumbing,0,10,0%,60
plumber coppell tx,0,10,0%,68.4
flower mound plumber,0,10,0%,73.8
rowlett tx emergency plumbing,0,10,0%,79.2
plumbers in flower mound,0,9,0%,45.22
plumbers in denton texas,0,9,0%,45.78
denton plumber service,0,9,0%,56.78
denton tx pluming service,0,9,0%,59.89
carrollton tx emergency plumbers,0,9,0%,76.89
plumbers frisco,0,9,0%,96
coppell tx water line repair,0,8,0%,1
on call plumbing,0,8,0%,18.25
plumbers in rockwall texas,0,8,0%,48.12
celina tx plumber,0,8,0%,51.12
plumbing flower mound tx,0,8,0%,51.75
plumbing burleson,0,8,0%,53.75
plumbing frisco,0,8,0%,56.25
plumber rockwall texas,0,8,0%,57.25
richardson tx pluming,0,8,0%,59.38
coppell plumbing,0,8,0%,61.25
plumber in carrollton tx,0,8,0%,61.5
plumbers coppell texas,0,8,0%,63.75
plumbers rockwall texas,0,8,0%,65.88
plumbing arlington tx,0,8,0%,69.25
plumber denton,0,8,0%,74.12
rowlett plumbing,0,8,0%,89.75
dallas tx water line repair,0,7,0%,1.86
anna plumbing,0,7,0%,38.71
denton tx plumber service,0,7,0%,44
plumber in frisco tx,0,7,0%,54
plumber mansfield tx,0,7,0%,54.57
plumbing in flower mound tx,0,7,0%,63
coppell plumber,0,7,0%,63.43
plumber in garland,0,7,0%,64.29
plumber flower mound tx,0,7,0%,67.57
plumbers in mckinney texas,0,7,0%,73.14
plumbers mckinney,0,7,0%,76.14
coppell tx plumber service,0,7,0%,78.29
plumber frisco,0,7,0%,79.43
mckinney plumber service,0,7,0%,92.71
pipe breaks dallas tx,0,6,0%,1
dallas sewer line repair companies reviews,0,6,0%,4
emergency plumbing,0,6,0%,12.5
emergency plumber,0,6,0%,14
24 7 plumber near me,0,6,0%,17.33
plumbers,0,6,0%,26.5
anna plumber,0,6,0%,27.33
closest plumber,0,6,0%,30.5
plumbers in richardson texas,0,6,0%,42.83
plumber corinth,0,6,0%,43.5
plumber in denton tx,0,6,0%,43.5
plumber farmers branch tx,0,6,0%,47
denton plumbing service,0,6,0%,53.67
plumber in mckinney tx,0,6,0%,56.67
plumbers in mckinney tx,0,6,0%,56.67
plumbing company mckinney,0,6,0%,59.67
plumbing denton tx,0,6,0%,60.17
heating service farmers branch,0,6,0%,61.17
plumber garland,0,6,0%,69
plumbers in rowlett,0,6,0%,75.67
emergency plumber mckinney tx,0,6,0%,82.17
hvac companies farmers branch,0,6,0%,87
plumber little elm,0,6,0%,89.83
find me a plumber,0,5,0%,9.8
emergency plumbing services near me,0,5,0%,18.8
rockwall tx plumber,0,5,0%,32.2
plumbing company burleson,0,5,0%,41.2
plumbing company richardson,0,5,0%,42.4
plumbers richardson,0,5,0%,47.4
plumber in rockwall,0,5,0%,50.6
plumbers denton texas,0,5,0%,51
plumbing mesquite,0,5,0%,51
mansfield plumbing service,0,5,0%,52
plumbing burleson tx,0,5,0%,58.4
plumber highland village tx,0,5,0%,60.8
plumber in rowlett,0,5,0%,60.8
plumbers flower mound,0,5,0%,62.2
plumbing flower mound,0,5,0%,62.8
plumbers rockwall tx,0,5,0%,64.2
plumbing rockwall tx,0,5,0%,65.4
emergency plumber rowlett,0,5,0%,67.4
plumber in kennedale,0,5,0%,72
how to find main water shut off,0,5,0%,73.2
plumber denton tx,0,5,0%,73.4
plumbing rockwall,0,5,0%,75
plumbers rowlett tx,0,5,0%,83.2
plumber flower mound,0,5,0%,83.8
rowlett plumbing service,0,5,0%,86.8
plumbing rowlett tx,0,5,0%,92.6
emergency plumber carrollton,0,5,0%,94.2
emergency plumbing services,0,4,0%,9.75
plumbing service,0,4,0%,19.5
plumber denton texas,0,4,0%,38.75
plumbers in farmers branch tx,0,4,0%,39
plumber arlington,0,4,0%,41.5
plumber in richardson texas,0,4,0%,44
rockwall plumber,0,4,0%,44.25
plumbers mckinney tx,0,4,0%,46
plumbers mansfield tx,0,4,0%,46.25
plumbers flower mound tx,0,4,0%,47.25
plumber keller tx,0,4,0%,48.5
plumber in carrollton texas,0,4,0%,52.75
plumbers kennedale,0,4,0%,52.75
irving plumbing service,0,4,0%,55.25
rowlett plumber,0,4,0%,58
little elm tx emergency plumbers,0,4,0%,59.5
plumber in rockwall tx,0,4,0%,61
plumbing keller tx,0,4,0%,61.75
water heater repair kennedale,0,4,0%,61.75
plumber arlington tx,0,4,0%,65.75
terrell plumber,0,4,0%,65.75
garland plumber,0,4,0%,66.75
plumbing services flower mound,0,4,0%,66.75
plumber grapevine,0,4,0%,68.5
mckinney plumbing company,0,4,0%,69
plumbers burleson tx,0,4,0%,69.25
plumber mckinney tx,0,4,0%,69.75
plumber in allen,0,4,0%,70
plumbers denton,0,4,0%,70.5
rockwall tx pluming,0,4,0%,71.5
denton tx emergency plumbing,0,4,0%,71.75
plumbers rowlett texas,0,4,0%,71.75
plumber burleson tx,0,4,0%,72.75
plumber grapevine tx,0,4,0%,78
heating repair university park,0,4,0%,79
hvac repair farmers branch tx,0,4,0%,82
frisco plumber,0,4,0%,82.75
plumber in mesquite,0,4,0%,85.25
mesquite plumber,0,4,0%,87.25
rowlett plumber service,0,4,0%,100.75
fox plumbing dallas tx reviews,0,3,0%,2
top rated sewer line repair dallas texas,0,3,0%,4.33
plumbing services,0,3,0%,13.33
emergency plumbing near me,0,3,0%,18.67
plumbing company,0,3,0%,18.67
plumbing services near me,0,3,0%,19.67
plumber murphy,0,3,0%,27.67
arlington plumbers,0,3,0%,32
farmers branch tx plumber,0,3,0%,39.67
richardson tx plumber service,0,3,0%,41
flower mound plumbers,0,3,0%,41.33
plumbers keller texas,0,3,0%,43.67
richardson plumbing company,0,3,0%,45.33
richardson plumber,0,3,0%,45.67
emergency plumber little elm,0,3,0%,46
plumbing service mansfield tx,0,3,0%,46.33
plumber farmers branch,0,3,0%,46.67
plumber in flower mound,0,3,0%,46.67
emergency plumbing lancaster texas,0,3,0%,48.33
plumbing farmers branch tx,0,3,0%,49
allen plumber,0,3,0%,49.67
mckinney plumbing services,0,3,0%,51
plumbing services in frisco tx,0,3,0%,53
rockwall plumbers,0,3,0%,53
kennedale leak detection,0,3,0%,55
plumbing companies in mckinney,0,3,0%,55
north richland hills plumbing,0,3,0%,55.33
hvac maintenance farmers branch,0,3,0%,56.67
wylie plumbing,0,3,0%,57.67
plumber terrell tx,0,3,0%,58.67
plumbers in frisco tx,0,3,0%,58.67
plumber kennedale,0,3,0%,59
colleyville plumber,0,3,0%,59.67
emergency plumber grapevine,0,3,0%,59.67
kennedale emergency plumber,0,3,0%,60
rockwall tx pluming service,0,3,0%,60
pipe replacement services,0,3,0%,61
plumbing richardson tx,0,3,0%,61
plumbing companies flower mound,0,3,0%,62
plumbing denton,0,3,0%,62
plumber haltom city,0,3,0%,62.33
plumbers in flower mound tx,0,3,0%,62.33
professional plumber in denton,0,3,0%,62.33
carrollton plumber service,0,3,0%,62.67
plumber rockwall tx,0,3,0%,62.67
plumber haslet tx,0,3,0%,65
plumbing services mckinney,0,3,0%,65
plumber mesquite,0,3,0%,66
plumbing in irving,0,3,0%,66.33
denton plumber,0,3,0%,66.67
carrollton plumber,0,3,0%,67
plumber plano texas,0,3,0%,67.33
plumbers in rockwall,0,3,0%,67.67
carrollton emergency plumber,0,3,0%,69.33
rowlett tx emergency plumber,0,3,0%,70.33
mckinney tx plumber service,0,3,0%,70.67
plumber forney,0,3,0%,70.67
plumbing celina tx,0,3,0%,71
plumbing little elm,0,3,0%,72
emergency plumber mckinney,0,3,0%,74.33
plumbers in burleson,0,3,0%,75.67
plumbers in coppell tx,0,3,0%,79.67
plumbing service burleson tx,0,3,0%,81.67
rockwall tx emergency plumbing,0,3,0%,82
plumber southlake tx,0,3,0%,82.67
coppell tx emergency plumber,0,3,0%,83.33
hvac repair farmers branch,0,3,0%,84
plumbers grapevine,0,3,0%,84
little elm plumber,0,3,0%,93
ac repair farmers branch,0,3,0%,100
pipe breaks richardson tx,0,2,0%,1
water line repair dallas tx,0,2,0%,1
pipe breaks dallas,0,2,0%,1.5
plumbing services in dallas,0,2,0%,4
best sewer line repair companies in dallas,0,2,0%,5
fox plumbing & heating on dallas,0,2,0%,7
best sewer line repair companies in dallas tx,0,2,0%,7.5
24 hour plumbing murphy,0,2,0%,13.5
plumber service,0,2,0%,15
same day plumber,0,2,0%,16
hot water heater repair near me,0,2,0%,18
plumbing repair murphy,0,2,0%,30
forney plumbing,0,2,0%,32
plumber argyle,0,2,0%,32
haslet plumber,0,2,0%,39.5
plumber arlinton texas,0,2,0%,40.5
plumber highland village,0,2,0%,42
denton tx plumbers,0,2,0%,44
kennedale plumbers,0,2,0%,44.5
plumbing service flower mound,0,2,0%,46.5
plumber in carrollton,0,2,0%,47
plumbing services denton,0,2,0%,47
grand prairie plumbing services,0,2,0%,47.5
plumbing company in allen,0,2,0%,49
denton tx plumbing service,0,2,0%,50.5
kennedale plumber service,0,2,0%,51.5
plumber in irving tx,0,2,0%,52.5
plumber corinth tx,0,2,0%,53
plumber frisco texas,0,2,0%,53
plumbing services denton tx,0,2,0%,53
plumbers lewisville texas,0,2,0%,53.5
plumbing company duncanville tx,0,2,0%,53.5
mckinney tx pluming service,0,2,0%,54.5
mckinney tx plumbing service,0,2,0%,55
plumbing company farmers branch tx,0,2,0%,55
plumbing repair flower mound,0,2,0%,55
burleson plumbers,0,2,0%,55.5
plumbing repair rockwall tx,0,2,0%,55.5
kennedale water heater repair,0,2,0%,56
farmers branch plumbing,0,2,0%,56.5
kennedale plumber,0,2,0%,56.5
plumber burleson,0,2,0%,57
plumbers in keller,0,2,0%,57
emergency plumber kennedale,0,2,0%,58.5
plumber anna tx,0,2,0%,58.5
emergency plumber denton,0,2,0%,59
plumber haslet,0,2,0%,59.5
same day service plumbing flower mound,0,2,0%,60
plumbing service in plano,0,2,0%,60.5
plumbing services rockwall tx,0,2,0%,60.5
grapevine plumber,0,2,0%,61
plumbers in rowlett texas,0,2,0%,61.5
find main water shut off valve,0,2,0%,62.5
kennedale drain cleaning,0,2,0%,63.5
plumbers plano tx,0,2,0%,63.5
rockwall tx plumbers,0,2,0%,63.5
emergency plumber keller tx,0,2,0%,64.5
certified plumber rockwall tx,0,2,0%,65
plumbers in plano texas,0,2,0%,66.5
plumbers in richardson tx,0,2,0%,66.5
plumbing in plano texas,0,2,0%,66.5
plumbing irving,0,2,0%,67
mckinney tx plumbing,0,2,0%,67.5
plumbers arlington texas,0,2,0%,67.5
plumbing company in plano,0,2,0%,67.5
plumber haltom city tx,0,2,0%,68
plumbing service grand prairie,0,2,0%,68
ac replacement service in corinth tx,0,2,0%,68.5
farmers branch plumbers,0,2,0%,68.5
irving plumber service,0,2,0%,68.5
keller plumbers,0,2,0%,68.5
carrollton tx pluming,0,2,0%,69
plumber colleyville,0,2,0%,69
heating services in corinth tx,0,2,0%,69.5
plumbing repair mckinney,0,2,0%,69.5
plumbing rowlett,0,2,0%,69.5
plumber in plano,0,2,0%,70
mckinney tx pluming,0,2,0%,70.5
plumbers prosper tx,0,2,0%,71.5
plumbing in plano tx,0,2,0%,72
plumber coppell,0,2,0%,72.5
carrollton tx emergency plumber,0,2,0%,73.5
frisco plumbing company,0,2,0%,73.5
plumbing services contractor north richland hills tx,0,2,0%,73.5
plumbing services in rockwall tx,0,2,0%,73.5
heating service azle,0,2,0%,74
plumbers burleson,0,2,0%,74
plumbing arlington texas,0,2,0%,74
mesquite plumbing leak repair,0,2,0%,75
rockwall plumber service,0,2,0%,75.5
coppell tx drain cleaning,0,2,0%,76
ac repair heath tx,0,2,0%,79
plumber rowlett tx,0,2,0%,79.5
rowlett tx water heater repair,0,2,0%,80.5
local plumbers denton,0,2,0%,85
coppell tx pluming,0,2,0%,86.5
mckinney tx emergency plumber,0,2,0%,86.5
plumber frisco tx,0,2,0%,86.5
plumbers in grapevine tx,0,2,0%,86.5
plumbing contractors flower mound,0,2,0%,87.5
plumber keller,0,2,0%,90.5
plumber duncanville tx,0,2,0%,91
where is the main water shut off,0,2,0%,92
grapevine plumbers,0,2,0%,93
hvac farmers branch,0,2,0%,96
hvac replacement service in corinth tx,0,2,0%,97.5
plumber forney tx,0,2,0%,99.5
little elm plumbing,0,2,0%,102.5
rowlett plumbers,0,2,0%,106
plumber in little elm,0,2,0%,113
"animo plumbing, 1050 n westmoreland rd, dallas, tx 75211",0,1,0%,1
dallas plumbing repair,0,1,0%,1
plumbing service dallas texas,0,1,0%,1
dallas pipe break repair,0,1,0%,2
plumbing repair dallas,0,1,0%,2
water line repair carrollton tx,0,1,0%,2
water line repair dallas,0,1,0%,2
water line repair richardson tx,0,1,0%,2
trenchless pipe repair dallas,0,1,0%,3
dallas sewer line repair,0,1,0%,4
emergency plumbing lancaster,0,1,0%,9
plumber lancaster,0,1,0%,9
plumber repair service,0,1,0%,11
plumber in my area,0,1,0%,12
addison plumber,0,1,0%,14
local plumbers near me,0,1,0%,17
24 hour plumbing service,0,1,0%,18
nrh plumbing company,0,1,0%,18
plumbing installation near me,0,1,0%,18
plumbing contractor,0,1,0%,19
24 7 plumber,0,1,0%,20
allen service plumbing,0,1,0%,20
emergency plumbing murphy,0,1,0%,21
lucas plumbing,0,1,0%,22
plumbing and heating terrell tx,0,1,0%,30
plumber heath,0,1,0%,32
certified plumbing company rockwall tx,0,1,0%,33
plumbing company duncanville,0,1,0%,35
plumber in richardson,0,1,0%,36
licensed plumber in arlington tx,0,1,0%,37
plumber arlington texas,0,1,0%,38
expansion tanks repair kennedale,0,1,0%,39
plumber in prosper tx,0,1,0%,39
plumbing repair mesquite,0,1,0%,39
plumbing forney,0,1,0%,40
247 heating installation highland,0,1,0%,41
plumber irving,0,1,0%,41
plumber in frisco,0,1,0%,42
plumbing companies richardson tx,0,1,0%,42
professional plumbers keller tx,0,1,0%,43
kennedale plumbing,0,1,0%,44
emergency plumber near me,0,1,0%,46
mesquite plumbing company,0,1,0%,47
plumbing company richardson tx,0,1,0%,47
plumbers mesquite texas,0,1,0%,48
plumbing companies in richardson tx,0,1,0%,48
richardson tx plumbing service,0,1,0%,48
drain cleaning murphy,0,1,0%,49
plumber in plano texas,0,1,0%,49
plumber lancaster tx,0,1,0%,49
plumbers in richardson,0,1,0%,49
plumbers farmers branch texas,0,1,0%,50
plumber in mansfield tx,0,1,0%,51
denton tx pluming,0,1,0%,52
drain cleaning kennedale,0,1,0%,52
licensed plumber keller tx,0,1,0%,52
denton plumbing company,0,1,0%,53
plumber duncanville,0,1,0%,53
plumbers in frisco texas,0,1,0%,53
plumbers murphy tx,0,1,0%,53
plumbing maintenance allen tx,0,1,0%,53
desoto plumber,0,1,0%,54
"local plumber irving, tx",0,1,0%,54
plumbers in irving texas,0,1,0%,54
plumbers in kennedale,0,1,0%,54
water heater repair haslet,0,1,0%,54
licensed plumber university park dallas tx,0,1,0%,55
mansfield plumbing companies,0,1,0%,55
plumbers haslet tx,0,1,0%,55
plumbing companies richardson,0,1,0%,55
plumbing north richland hills,0,1,0%,55
plumbing services mckinney tx,0,1,0%,55
plumber sachse,0,1,0%,56
plumber services in plano,0,1,0%,56
rockwall plumbing,0,1,0%,56
water heater replacement haslet,0,1,0%,56
fast plumber keller tx,0,1,0%,57
plumbing company grand prairie tx,0,1,0%,57
plumbing company haltom city,0,1,0%,57
richardson tx plumbers,0,1,0%,58
emergency plumber burleson,0,1,0%,59
plumber prosper tx,0,1,0%,59
plumbing wylie tx,0,1,0%,59
drain cleaning coppell,0,1,0%,60
emergency plumbing colleyville texas,0,1,0%,60
plumbers in haslet,0,1,0%,60
plumber carrollton,0,1,0%,61
plumbers in grapevine texas,0,1,0%,61
plumbing mckinney,0,1,0%,61
plumbing near mesquite tx,0,1,0%,61
carrollton tx plumber,0,1,0%,62
emergency plumbing service burleson tx,0,1,0%,62
plumber university park tx,0,1,0%,62
plumbers university park tx,0,1,0%,62
plumbing repair contractor north richland hills tx,0,1,0%,62
plumbing service arlington tx,0,1,0%,62
plumbers denton tx,0,1,0%,63
plumbing companies mckinney tx,0,1,0%,63
plumbing contractors irving,0,1,0%,63
24 hour plumber frisco tx,0,1,0%,64
benbrook plumber,0,1,0%,65
plumbing kennedale,0,1,0%,65
plumbing service denton,0,1,0%,65
mckinney plumbing repair,0,1,0%,66
plumber prosper,0,1,0%,66
plumbers near me irving,0,1,0%,66
plano residential plumber services,0,1,0%,67
plano tx plumber service,0,1,0%,67
plumber heath tx,0,1,0%,67
plumbing companies in plano,0,1,0%,67
garland plumbing company,0,1,0%,68
plumbers in arlington,0,1,0%,68
plumbers in denton,0,1,0%,68
plumbing contractors north richland hills,0,1,0%,68
plumbing service irving,0,1,0%,68
ac repair cost dallas,0,1,0%,69
denton tx emergency plumbers,0,1,0%,69
plumber north richland hills tx,0,1,0%,69
plumbing companies plano texas,0,1,0%,69
plumber in keller,0,1,0%,70
residential plumbing service university park dallas tx,0,1,0%,70
plumbers in mansfield tx,0,1,0%,71
ac repair services farmers branch,0,1,0%,73
plumber colleyville tx,0,1,0%,73
plumbing service plano,0,1,0%,73
richardson plumbing,0,1,0%,73
benbrook plumbing,0,1,0%,74
emergency plumber rockwall,0,1,0%,74
frisco plumber service,0,1,0%,74
plumber rockwall,0,1,0%,74
plumbers in grand prairie texas,0,1,0%,74
rowlett water heater repair,0,1,0%,74
plano plumbing services,0,1,0%,75
plumbing companies plano,0,1,0%,75
plumbing corinth tx,0,1,0%,75
main water valve location,0,1,0%,76
local plumbing repairs mesquite tx,0,1,0%,77
emergency plumber garland,0,1,0%,78
how to find main water valve,0,1,0%,78
emergency plumber allen tx,0,1,0%,79
plumbing mesquite texas,0,1,0%,79
plumbers grapevine texas,0,1,0%,80
plumbers plano texas,0,1,0%,80
plumbing services plano,0,1,0%,80
emergency plumber flower mound,0,1,0%,81
plumbing service garland,0,1,0%,81
plumbing the colony,0,1,0%,81
burleson tx plumber,0,1,0%,82
plano plumbing companies,0,1,0%,82
plumber las colinas tx,0,1,0%,82
residential plumbers burleson tx,0,1,0%,82
water heater installation farmers branch tx,0,1,0%,82
forney plumbers,0,1,0%,83
how to find the main water shut off,0,1,0%,83
hvac farmers branch tx,0,1,0%,83
mesquite plumbing service,0,1,0%,83
emergency plumber haslet,0,1,0%,84
haltom city plumbers,0,1,0%,84
heating installation benbrook tx,0,1,0%,84
plano plumber service,0,1,0%,84
residential plumbing services mansfield tx,0,1,0%,84
emergency plumber rowlett tx,0,1,0%,85
plumber desoto,0,1,0%,85
plumbing grapevine tx,0,1,0%,85
ac repair corinth,0,1,0%,86
emergency plumbing mesquite,0,1,0%,87
hvac service farmers branch,0,1,0%,87
main water valve in house,0,1,0%,87
water heater repair melissa,0,1,0%,87
how to find water shut off valve,0,1,0%,88
rowlett plumbing services,0,1,0%,88
water heater repair farmers branch tx,0,1,0%,88
certified plumbing company university park dallas tx,0,1,0%,89
allen tx plumber,0,1,0%,90
local plumbing installation mesquite tx,0,1,0%,90
plumbers wylie texas,0,1,0%,90
wylie tx plumbing service,0,1,0%,90
ac installation trophy club,0,1,0%,91
how to find water shut off,0,1,0%,91
licensed plumber east dallas tx,0,1,0%,91
mesquite residential plumber services,0,1,0%,92
24/7 plumber de soto,0,1,0%,93
fire hydrant shut off valve location,0,1,0%,93
little elm tx leak detection,0,1,0%,93
north richland hills plumber,0,1,0%,93
plumber royse city tx,0,1,0%,93
where is main water valve,0,1,0%,93
plumber in arlington texas,0,1,0%,94
plumbing grapevine,0,1,0%,94
ac repair cost per hour dallas,0,1,0%,95
emergency plumber arlington tx,0,1,0%,95
emergency plumbing hastlet tx,0,1,0%,95
plumber little elm tx,0,1,0%,95
hvac installation farmers branch,0,1,0%,96
plumbers mesquite,0,1,0%,96
water line repair kennedale,0,1,0%,96
plumber in the colony,0,1,0%,97
plumbers in frisco,0,1,0%,97
hvac emergency repair flower mound,0,1,0%,98
plumbing richardson texas,0,1,0%,98
denton tx plumbing,0,1,0%,99
emergency ac repair flower mound,0,1,0%,99
how to find water main,0,1,0%,99
irving plumbers,0,1,0%,99
plumber in allen tx,0,1,0%,99
plumber princeton tx,0,1,0%,99
rockwall texas plumbers,0,1,0%,99
burleson tx plumbers,0,1,0%,100
emergency plumbing service mansfield tx,0,1,0%,100